timestamp_unix,physical_index,uuid,name,memory_used_mib,memory_total_mib,utilization_percent,temperature_c,power_watts
1791279545.959613,0,GPU-835f8262-5251-9f0f-5dc4-013fa2f735de,NVIDIA GeForce RTX 2080 SUPER,12,8192,0,48,53.99
1791279545.959613,1,GPU-aec1288f-4556-3b77-af1b-45bf7ee3d8f5,NVIDIA GeForce RTX 2080 SUPER,360,8192,3,55,27.01
1791279546.5248778,0,GPU-835f8262-5251-9f0f-5dc4-013fa2f735de,NVIDIA GeForce RTX 2080 SUPER,12,8192,0,48,54.02
1791279546.5248778,1,GPU-aec1288f-4556-3b77-af1b-45bf7ee3d8f5,NVIDIA GeForce RTX 2080 SUPER,364,8192,14,54,24.22
1791279547.1778386,0,GPU-835f8262-5251-9f0f-5dc4-013fa2f735de,NVIDIA GeForce RTX 2080 SUPER,14,8192,0,47,17.32
1791279547.1778386,1,GPU-aec1288f-4556-3b77-af1b-45bf7ee3d8f5,NVIDIA GeForce RTX 2080 SUPER,366,8192,32,54,22.15
1791279547.72996,0,GPU-835f8262-5251-9f0f-5dc4-013fa2f735de,NVIDIA GeForce RTX 2080 SUPER,134,8192,0,48,53.98
1791279547.72996,1,GPU-aec1288f-4556-3b77-af1b-45bf7ee3d8f5,NVIDIA GeForce RTX 2080 SUPER,365,8192,32,54,19.66
1791279548.2951424,0,GPU-835f8262-5251-9f0f-5dc4-013fa2f735de,NVIDIA GeForce RTX 2080 SUPER,134,8192,0,48,54.02
1791279548.2951424,1,GPU-aec1288f-4556-3b77-af1b-45bf7ee3d8f5,NVIDIA GeForce RTX 2080 SUPER,363,8192,21,54,19.65
1791279548.8878083,0,GPU-835f8262-5251-9f0f-5dc4-013fa2f735de,NVIDIA GeForce RTX 2080 SUPER,134,8192,0,48,54.06
1791279548.8878083,1,GPU-aec1288f-4556-3b77-af1b-45bf7ee3d8f5,NVIDIA GeForce RTX 2080 SUPER,363,8192,21,54,19.71
1791279549.4323473,0,GPU-835f8262-5251-9f0f-5dc4-013fa2f735de,NVIDIA GeForce RTX 2080 SUPER,134,8192,0,48,54.03
1791279549.4323473,1,GPU-aec1288f-4556-3b77-af1b-45bf7ee3d8f5,NVIDIA GeForce RTX 2080 SUPER,362,8192,19,54,19.53
1791279549.9756296,0,GPU-835f8262-5251-9f0f-5dc4-013fa2f735de,NVIDIA GeForce RTX 2080 SUPER,134,8192,0,48,54.04
1791279549.9756296,1,GPU-aec1288f-4556-3b77-af1b-45bf7ee3d8f5,NVIDIA GeForce RTX 2080 SUPER,362,8192,19,54,20.71
1791279550.5362158,0,GPU-835f8262-5251-9f0f-5dc4-013fa2f735de,NVIDIA GeForce RTX 2080 SUPER,134,8192,0,48,54.01
1791279550.5362158,1,GPU-aec1288f-4556-3b77-af1b-45bf7ee3d8f5,NVIDIA GeForce RTX 2080 SUPER,359,8192,19,54,22.95
1791279551.0759308,0,GPU-835f8262-5251-9f0f-5dc4-013fa2f735de,NVIDIA GeForce RTX 2080 SUPER,134,8192,0,48,54.03
1791279551.0759308,1,GPU-aec1288f-4556-3b77-af1b-45bf7ee3d8f5,NVIDIA GeForce RTX 2080 SUPER,347,8192,33,54,21.24
1791279551.627429,0,GPU-835f8262-5251-9f0f-5dc4-013fa2f735de,NVIDIA GeForce RTX 2080 SUPER,134,8192,0,49,54.04
1791279551.627429,1,GPU-aec1288f-4556-3b77-af1b-45bf7ee3d8f5,NVIDIA GeForce RTX 2080 SUPER,344,8192,33,54,19.67
1791279552.1715353,0,GPU-835f8262-5251-9f0f-5dc4-013fa2f735de,NVIDIA GeForce RTX 2080 SUPER,134,8192,0,49,53.99
1791279552.1715353,1,GPU-aec1288f-4556-3b77-af1b-45bf7ee3d8f5,NVIDIA GeForce RTX 2080 SUPER,343,8192,19,54,19.78
1791279552.712401,0,GPU-835f8262-5251-9f0f-5dc4-013fa2f735de,NVIDIA GeForce RTX 2080 SUPER,134,8192,0,49,54.05
1791279552.712401,1,GPU-aec1288f-4556-3b77-af1b-45bf7ee3d8f5,NVIDIA GeForce RTX 2080 SUPER,343,8192,19,54,19.49
1791279553.2583435,0,GPU-835f8262-5251-9f0f-5dc4-013fa2f735de,NVIDIA GeForce RTX 2080 SUPER,134,8192,0,49,54.01
1791279553.2583435,1,GPU-aec1288f-4556-3b77-af1b-45bf7ee3d8f5,NVIDIA GeForce RTX 2080 SUPER,343,8192,19,54,19.67
1791279553.7993364,0,GPU-835f8262-5251-9f0f-5dc4-013fa2f735de,NVIDIA GeForce RTX 2080 SUPER,134,8192,0,49,54.03
1791279553.7993364,1,GPU-aec1288f-4556-3b77-af1b-45bf7ee3d8f5,NVIDIA GeForce RTX 2080 SUPER,343,8192,19,54,19.88
1791279554.3528342,0,GPU-835f8262-5251-9f0f-5dc4-013fa2f735de,NVIDIA GeForce RTX 2080 SUPER,134,8192,0,49,54.03
1791279554.3528342,1,GPU-aec1288f-4556-3b77-af1b-45bf7ee3d8f5,NVIDIA GeForce RTX 2080 SUPER,343,8192,19,54,21.44
1791279554.9115858,0,GPU-835f8262-5251-9f0f-5dc4-013fa2f735de,NVIDIA GeForce RTX 2080 SUPER,134,8192,0,49,54.03
1791279554.9115858,1,GPU-aec1288f-4556-3b77-af1b-45bf7ee3d8f5,NVIDIA GeForce RTX 2080 SUPER,343,8192,19,54,22.97
1791279555.4589984,0,GPU-835f8262-5251-9f0f-5dc4-013fa2f735de,NVIDIA GeForce RTX 2080 SUPER,134,8192,0,49,54.08
1791279555.4589984,1,GPU-aec1288f-4556-3b77-af1b-45bf7ee3d8f5,NVIDIA GeForce RTX 2080 SUPER,343,8192,33,54,19.79
1791279556.0016682,0,GPU-835f8262-5251-9f0f-5dc4-013fa2f735de,NVIDIA GeForce RTX 2080 SUPER,134,8192,0,49,53.99
1791279556.0016682,1,GPU-aec1288f-4556-3b77-af1b-45bf7ee3d8f5,NVIDIA GeForce RTX 2080 SUPER,343,8192,33,54,21.25
1791279556.5458946,0,GPU-835f8262-5251-9f0f-5dc4-013fa2f735de,NVIDIA GeForce RTX 2080 SUPER,134,8192,0,49,54.07
1791279556.5458946,1,GPU-aec1288f-4556-3b77-af1b-45bf7ee3d8f5,NVIDIA GeForce RTX 2080 SUPER,343,8192,19,54,19.44
1791279557.0933726,0,GPU-835f8262-5251-9f0f-5dc4-013fa2f735de,NVIDIA GeForce RTX 2080 SUPER,134,8192,0,49,54.06
1791279557.0933726,1,GPU-aec1288f-4556-3b77-af1b-45bf7ee3d8f5,NVIDIA GeForce RTX 2080 SUPER,343,8192,19,54,19.71
1791279557.6408923,0,GPU-835f8262-5251-9f0f-5dc4-013fa2f735de,NVIDIA GeForce RTX 2080 SUPER,134,8192,0,49,54.06
1791279557.6408923,1,GPU-aec1288f-4556-3b77-af1b-45bf7ee3d8f5,NVIDIA GeForce RTX 2080 SUPER,343,8192,19,54,20.44
1791279558.1876304,0,GPU-835f8262-5251-9f0f-5dc4-013fa2f735de,NVIDIA GeForce RTX 2080 SUPER,134,8192,0,49,54.07
1791279558.1876304,1,GPU-aec1288f-4556-3b77-af1b-45bf7ee3d8f5,NVIDIA GeForce RTX 2080 SUPER,343,8192,20,54,21.05
1791279558.7361448,0,GPU-835f8262-5251-9f0f-5dc4-013fa2f735de,NVIDIA GeForce RTX 2080 SUPER,134,8192,0,49,54.06
1791279558.7361448,1,GPU-aec1288f-4556-3b77-af1b-45bf7ee3d8f5,NVIDIA GeForce RTX 2080 SUPER,343,8192,20,54,21.71
1791279559.27715,0,GPU-835f8262-5251-9f0f-5dc4-013fa2f735de,NVIDIA GeForce RTX 2080 SUPER,134,8192,0,49,54.08
1791279559.27715,1,GPU-aec1288f-4556-3b77-af1b-45bf7ee3d8f5,NVIDIA GeForce RTX 2080 SUPER,343,8192,32,54,19.72
1791279559.8207529,0,GPU-835f8262-5251-9f0f-5dc4-013fa2f735de,NVIDIA GeForce RTX 2080 SUPER,134,8192,0,49,54.06
1791279559.8207529,1,GPU-aec1288f-4556-3b77-af1b-45bf7ee3d8f5,NVIDIA GeForce RTX 2080 SUPER,343,8192,32,54,19.62
1791279560.3699617,0,GPU-835f8262-5251-9f0f-5dc4-013fa2f735de,NVIDIA GeForce RTX 2080 SUPER,134,8192,0,49,54.08
1791279560.3699617,1,GPU-aec1288f-4556-3b77-af1b-45bf7ee3d8f5,NVIDIA GeForce RTX 2080 SUPER,343,8192,19,54,19.59
1791279560.9119658,0,GPU-835f8262-5251-9f0f-5dc4-013fa2f735de,NVIDIA GeForce RTX 2080 SUPER,134,8192,0,49,54.06
1791279560.9119658,1,GPU-aec1288f-4556-3b77-af1b-45bf7ee3d8f5,NVIDIA GeForce RTX 2080 SUPER,343,8192,19,54,20.48
1791279561.4616644,0,GPU-835f8262-5251-9f0f-5dc4-013fa2f735de,NVIDIA GeForce RTX 2080 SUPER,134,8192,0,50,54.03
1791279561.4616644,1,GPU-aec1288f-4556-3b77-af1b-45bf7ee3d8f5,NVIDIA GeForce RTX 2080 SUPER,343,8192,20,53,19.56
1791279562.0076246,0,GPU-835f8262-5251-9f0f-5dc4-013fa2f735de,NVIDIA GeForce RTX 2080 SUPER,134,8192,0,50,54.06
1791279562.0076246,1,GPU-aec1288f-4556-3b77-af1b-45bf7ee3d8f5,NVIDIA GeForce RTX 2080 SUPER,343,8192,20,53,20.23
1791279562.5547411,0,GPU-835f8262-5251-9f0f-5dc4-013fa2f735de,NVIDIA GeForce RTX 2080 SUPER,134,8192,0,50,54.01
1791279562.5547411,1,GPU-aec1288f-4556-3b77-af1b-45bf7ee3d8f5,NVIDIA GeForce RTX 2080 SUPER,343,8192,20,53,22.72
1791279563.10054,0,GPU-835f8262-5251-9f0f-5dc4-013fa2f735de,NVIDIA GeForce RTX 2080 SUPER,134,8192,0,50,54.10
1791279563.10054,1,GPU-aec1288f-4556-3b77-af1b-45bf7ee3d8f5,NVIDIA GeForce RTX 2080 SUPER,343,8192,20,54,20.80
1791279563.6417065,0,GPU-835f8262-5251-9f0f-5dc4-013fa2f735de,NVIDIA GeForce RTX 2080 SUPER,134,8192,0,50,54.04
1791279563.6417065,1,GPU-aec1288f-4556-3b77-af1b-45bf7ee3d8f5,NVIDIA GeForce RTX 2080 SUPER,343,8192,31,53,18.90
1791279564.187369,0,GPU-835f8262-5251-9f0f-5dc4-013fa2f735de,NVIDIA GeForce RTX 2080 SUPER,134,8192,0,50,54.05
1791279564.187369,1,GPU-aec1288f-4556-3b77-af1b-45bf7ee3d8f5,NVIDIA GeForce RTX 2080 SUPER,343,8192,19,53,19.86
1791279564.738459,0,GPU-835f8262-5251-9f0f-5dc4-013fa2f735de,NVIDIA GeForce RTX 2080 SUPER,134,8192,0,50,25.55
1791279564.738459,1,GPU-aec1288f-4556-3b77-af1b-45bf7ee3d8f5,NVIDIA GeForce RTX 2080 SUPER,343,8192,19,53,19.81
1791279565.2800848,0,GPU-835f8262-5251-9f0f-5dc4-013fa2f735de,NVIDIA GeForce RTX 2080 SUPER,456,8192,0,49,17.10
1791279565.2800848,1,GPU-aec1288f-4556-3b77-af1b-45bf7ee3d8f5,NVIDIA GeForce RTX 2080 SUPER,343,8192,20,53,19.68
1791279565.8272638,0,GPU-835f8262-5251-9f0f-5dc4-013fa2f735de,NVIDIA GeForce RTX 2080 SUPER,3436,8192,11,50,63.90
1791279565.8272638,1,GPU-aec1288f-4556-3b77-af1b-45bf7ee3d8f5,NVIDIA GeForce RTX 2080 SUPER,343,8192,20,53,19.51
1791279566.3875768,0,GPU-835f8262-5251-9f0f-5dc4-013fa2f735de,NVIDIA GeForce RTX 2080 SUPER,3568,8192,11,51,64.26
1791279566.3875768,1,GPU-aec1288f-4556-3b77-af1b-45bf7ee3d8f5,NVIDIA GeForce RTX 2080 SUPER,343,8192,20,53,23.12
1791279566.933349,0,GPU-835f8262-5251-9f0f-5dc4-013fa2f735de,NVIDIA GeForce RTX 2080 SUPER,3568,8192,17,51,64.07
1791279566.933349,1,GPU-aec1288f-4556-3b77-af1b-45bf7ee3d8f5,NVIDIA GeForce RTX 2080 SUPER,343,8192,20,53,23.29
1791279567.518455,0,GPU-835f8262-5251-9f0f-5dc4-013fa2f735de,NVIDIA GeForce RTX 2080 SUPER,3568,8192,0,51,61.38
1791279567.518455,1,GPU-aec1288f-4556-3b77-af1b-45bf7ee3d8f5,NVIDIA GeForce RTX 2080 SUPER,343,8192,31,53,19.77
1791279568.0659564,0,GPU-835f8262-5251-9f0f-5dc4-013fa2f735de,NVIDIA GeForce RTX 2080 SUPER,3568,8192,0,50,54.12
1791279568.0659564,1,GPU-aec1288f-4556-3b77-af1b-45bf7ee3d8f5,NVIDIA GeForce RTX 2080 SUPER,343,8192,31,53,19.51
1791279568.6024873,0,GPU-835f8262-5251-9f0f-5dc4-013fa2f735de,NVIDIA GeForce RTX 2080 SUPER,3586,8192,0,50,54.01
1791279568.6024873,1,GPU-aec1288f-4556-3b77-af1b-45bf7ee3d8f5,NVIDIA GeForce RTX 2080 SUPER,629,8192,19,54,57.38
1791279569.139131,0,GPU-835f8262-5251-9f0f-5dc4-013fa2f735de,NVIDIA GeForce RTX 2080 SUPER,3652,8192,0,51,66.14
1791279569.139131,1,GPU-aec1288f-4556-3b77-af1b-45bf7ee3d8f5,NVIDIA GeForce RTX 2080 SUPER,639,8192,19,55,55.93
1791279569.6760662,0,GPU-835f8262-5251-9f0f-5dc4-013fa2f735de,NVIDIA GeForce RTX 2080 SUPER,3654,8192,22,51,64.65
1791279569.6760662,1,GPU-aec1288f-4556-3b77-af1b-45bf7ee3d8f5,NVIDIA GeForce RTX 2080 SUPER,639,8192,8,55,56.13
1791279570.2076352,0,GPU-835f8262-5251-9f0f-5dc4-013fa2f735de,NVIDIA GeForce RTX 2080 SUPER,3654,8192,22,51,66.36
1791279570.2076352,1,GPU-aec1288f-4556-3b77-af1b-45bf7ee3d8f5,NVIDIA GeForce RTX 2080 SUPER,639,8192,3,55,56.48
1791279570.7441795,0,GPU-835f8262-5251-9f0f-5dc4-013fa2f735de,NVIDIA GeForce RTX 2080 SUPER,3654,8192,32,51,66.22
1791279570.7441795,1,GPU-aec1288f-4556-3b77-af1b-45bf7ee3d8f5,NVIDIA GeForce RTX 2080 SUPER,639,8192,3,55,56.58
1791279571.2787046,0,GPU-835f8262-5251-9f0f-5dc4-013fa2f735de,NVIDIA GeForce RTX 2080 SUPER,3654,8192,32,51,66.38
1791279571.2787046,1,GPU-aec1288f-4556-3b77-af1b-45bf7ee3d8f5,NVIDIA GeForce RTX 2080 SUPER,639,8192,4,55,56.12
1791279571.80918,0,GPU-835f8262-5251-9f0f-5dc4-013fa2f735de,NVIDIA GeForce RTX 2080 SUPER,3654,8192,32,51,66.41
1791279571.80918,1,GPU-aec1288f-4556-3b77-af1b-45bf7ee3d8f5,NVIDIA GeForce RTX 2080 SUPER,639,8192,4,55,56.05
1791279572.3455834,0,GPU-835f8262-5251-9f0f-5dc4-013fa2f735de,NVIDIA GeForce RTX 2080 SUPER,3654,8192,32,51,66.71
1791279572.3455834,1,GPU-aec1288f-4556-3b77-af1b-45bf7ee3d8f5,NVIDIA GeForce RTX 2080 SUPER,639,8192,3,55,55.97
1791279572.8795738,0,GPU-835f8262-5251-9f0f-5dc4-013fa2f735de,NVIDIA GeForce RTX 2080 SUPER,3654,8192,32,51,66.71
1791279572.8795738,1,GPU-aec1288f-4556-3b77-af1b-45bf7ee3d8f5,NVIDIA GeForce RTX 2080 SUPER,639,8192,3,55,56.20
1791279573.4142535,0,GPU-835f8262-5251-9f0f-5dc4-013fa2f735de,NVIDIA GeForce RTX 2080 SUPER,3654,8192,32,51,66.58
1791279573.4142535,1,GPU-aec1288f-4556-3b77-af1b-45bf7ee3d8f5,NVIDIA GeForce RTX 2080 SUPER,639,8192,2,55,56.22
1791279573.9457943,0,GPU-835f8262-5251-9f0f-5dc4-013fa2f735de,NVIDIA GeForce RTX 2080 SUPER,3654,8192,32,51,66.14
1791279573.9457943,1,GPU-aec1288f-4556-3b77-af1b-45bf7ee3d8f5,NVIDIA GeForce RTX 2080 SUPER,639,8192,2,55,56.47
1791279574.4772718,0,GPU-835f8262-5251-9f0f-5dc4-013fa2f735de,NVIDIA GeForce RTX 2080 SUPER,3654,8192,32,52,66.51
1791279574.4772718,1,GPU-aec1288f-4556-3b77-af1b-45bf7ee3d8f5,NVIDIA GeForce RTX 2080 SUPER,639,8192,3,55,56.51
1791279575.008403,0,GPU-835f8262-5251-9f0f-5dc4-013fa2f735de,NVIDIA GeForce RTX 2080 SUPER,3654,8192,32,52,66.49
1791279575.008403,1,GPU-aec1288f-4556-3b77-af1b-45bf7ee3d8f5,NVIDIA GeForce RTX 2080 SUPER,639,8192,3,55,56.67
1791279575.5419092,0,GPU-835f8262-5251-9f0f-5dc4-013fa2f735de,NVIDIA GeForce RTX 2080 SUPER,3654,8192,32,52,67.06
1791279575.5419092,1,GPU-aec1288f-4556-3b77-af1b-45bf7ee3d8f5,NVIDIA GeForce RTX 2080 SUPER,639,8192,4,55,56.39
1791279576.0725052,0,GPU-835f8262-5251-9f0f-5dc4-013fa2f735de,NVIDIA GeForce RTX 2080 SUPER,3654,8192,32,52,67.11
1791279576.0725052,1,GPU-aec1288f-4556-3b77-af1b-45bf7ee3d8f5,NVIDIA GeForce RTX 2080 SUPER,639,8192,4,56,56.42
1791279576.6059806,0,GPU-835f8262-5251-9f0f-5dc4-013fa2f735de,NVIDIA GeForce RTX 2080 SUPER,3654,8192,33,52,67.08
1791279576.6059806,1,GPU-aec1288f-4556-3b77-af1b-45bf7ee3d8f5,NVIDIA GeForce RTX 2080 SUPER,639,8192,2,56,56.65
1791279577.1379158,0,GPU-835f8262-5251-9f0f-5dc4-013fa2f735de,NVIDIA GeForce RTX 2080 SUPER,3654,8192,33,52,66.80
1791279577.1379158,1,GPU-aec1288f-4556-3b77-af1b-45bf7ee3d8f5,NVIDIA GeForce RTX 2080 SUPER,639,8192,2,56,56.71
1791279577.6703703,0,GPU-835f8262-5251-9f0f-5dc4-013fa2f735de,NVIDIA GeForce RTX 2080 SUPER,3654,8192,32,52,67.05
1791279577.6703703,1,GPU-aec1288f-4556-3b77-af1b-45bf7ee3d8f5,NVIDIA GeForce RTX 2080 SUPER,639,8192,3,56,56.57
1791279578.2013497,0,GPU-835f8262-5251-9f0f-5dc4-013fa2f735de,NVIDIA GeForce RTX 2080 SUPER,3654,8192,32,52,66.84
1791279578.2013497,1,GPU-aec1288f-4556-3b77-af1b-45bf7ee3d8f5,NVIDIA GeForce RTX 2080 SUPER,639,8192,3,56,56.90
1791279578.7342544,0,GPU-835f8262-5251-9f0f-5dc4-013fa2f735de,NVIDIA GeForce RTX 2080 SUPER,3654,8192,32,52,66.92
1791279578.7342544,1,GPU-aec1288f-4556-3b77-af1b-45bf7ee3d8f5,NVIDIA GeForce RTX 2080 SUPER,639,8192,3,56,56.87
1791279579.266093,0,GPU-835f8262-5251-9f0f-5dc4-013fa2f735de,NVIDIA GeForce RTX 2080 SUPER,3654,8192,32,52,66.93
1791279579.266093,1,GPU-aec1288f-4556-3b77-af1b-45bf7ee3d8f5,NVIDIA GeForce RTX 2080 SUPER,639,8192,4,56,56.58
1791279579.7983222,0,GPU-835f8262-5251-9f0f-5dc4-013fa2f735de,NVIDIA GeForce RTX 2080 SUPER,3654,8192,32,52,66.39
1791279579.7983222,1,GPU-aec1288f-4556-3b77-af1b-45bf7ee3d8f5,NVIDIA GeForce RTX 2080 SUPER,639,8192,4,56,56.64
1791279580.3299532,0,GPU-835f8262-5251-9f0f-5dc4-013fa2f735de,NVIDIA GeForce RTX 2080 SUPER,3654,8192,32,52,66.94
1791279580.3299532,1,GPU-aec1288f-4556-3b77-af1b-45bf7ee3d8f5,NVIDIA GeForce RTX 2080 SUPER,639,8192,3,56,56.44
1791279580.86441,0,GPU-835f8262-5251-9f0f-5dc4-013fa2f735de,NVIDIA GeForce RTX 2080 SUPER,3620,8192,32,52,54.12
1791279580.86441,1,GPU-aec1288f-4556-3b77-af1b-45bf7ee3d8f5,NVIDIA GeForce RTX 2080 SUPER,509,8192,3,56,56.94
1791279581.4007902,0,GPU-835f8262-5251-9f0f-5dc4-013fa2f735de,NVIDIA GeForce RTX 2080 SUPER,3620,8192,32,52,54.03
1791279581.4007902,1,GPU-aec1288f-4556-3b77-af1b-45bf7ee3d8f5,NVIDIA GeForce RTX 2080 SUPER,639,8192,3,56,57.21
1791279581.937525,0,GPU-835f8262-5251-9f0f-5dc4-013fa2f735de,NVIDIA GeForce RTX 2080 SUPER,3620,8192,0,52,54.05
1791279581.937525,1,GPU-aec1288f-4556-3b77-af1b-45bf7ee3d8f5,NVIDIA GeForce RTX 2080 SUPER,639,8192,3,56,57.02
1791279582.4736784,0,GPU-835f8262-5251-9f0f-5dc4-013fa2f735de,NVIDIA GeForce RTX 2080 SUPER,3620,8192,0,52,54.05
1791279582.4736784,1,GPU-aec1288f-4556-3b77-af1b-45bf7ee3d8f5,NVIDIA GeForce RTX 2080 SUPER,639,8192,4,56,57.48
1791279583.0091376,0,GPU-835f8262-5251-9f0f-5dc4-013fa2f735de,NVIDIA GeForce RTX 2080 SUPER,3620,8192,0,52,53.99
1791279583.0091376,1,GPU-aec1288f-4556-3b77-af1b-45bf7ee3d8f5,NVIDIA GeForce RTX 2080 SUPER,1059,8192,4,56,57.49
1791279583.5418158,0,GPU-835f8262-5251-9f0f-5dc4-013fa2f735de,NVIDIA GeForce RTX 2080 SUPER,3714,8192,4,53,77.68
1791279583.5418158,1,GPU-aec1288f-4556-3b77-af1b-45bf7ee3d8f5,NVIDIA GeForce RTX 2080 SUPER,2521,8192,17,58,82.41
1791279584.072168,0,GPU-835f8262-5251-9f0f-5dc4-013fa2f735de,NVIDIA GeForce RTX 2080 SUPER,3714,8192,4,54,83.21
1791279584.072168,1,GPU-aec1288f-4556-3b77-af1b-45bf7ee3d8f5,NVIDIA GeForce RTX 2080 SUPER,2521,8192,17,57,67.14
1791279584.6051676,0,GPU-835f8262-5251-9f0f-5dc4-013fa2f735de,NVIDIA GeForce RTX 2080 SUPER,3714,8192,34,54,83.14
1791279584.6051676,1,GPU-aec1288f-4556-3b77-af1b-45bf7ee3d8f5,NVIDIA GeForce RTX 2080 SUPER,2521,8192,7,57,67.14
1791279585.1383038,0,GPU-835f8262-5251-9f0f-5dc4-013fa2f735de,NVIDIA GeForce RTX 2080 SUPER,3714,8192,34,54,83.14
1791279585.1383038,1,GPU-aec1288f-4556-3b77-af1b-45bf7ee3d8f5,NVIDIA GeForce RTX 2080 SUPER,2521,8192,7,57,56.56
1791279585.6703813,0,GPU-835f8262-5251-9f0f-5dc4-013fa2f735de,NVIDIA GeForce RTX 2080 SUPER,3714,8192,32,53,67.24
1791279585.6703813,1,GPU-aec1288f-4556-3b77-af1b-45bf7ee3d8f5,NVIDIA GeForce RTX 2080 SUPER,2521,8192,2,57,56.57
1791279586.2021666,0,GPU-835f8262-5251-9f0f-5dc4-013fa2f735de,NVIDIA GeForce RTX 2080 SUPER,3714,8192,32,53,67.60
1791279586.2021666,1,GPU-aec1288f-4556-3b77-af1b-45bf7ee3d8f5,NVIDIA GeForce RTX 2080 SUPER,2521,8192,2,57,56.94
1791279586.7331388,0,GPU-835f8262-5251-9f0f-5dc4-013fa2f735de,NVIDIA GeForce RTX 2080 SUPER,3714,8192,34,53,67.98
1791279586.7331388,1,GPU-aec1288f-4556-3b77-af1b-45bf7ee3d8f5,NVIDIA GeForce RTX 2080 SUPER,2521,8192,3,57,56.86
1791279587.2666366,0,GPU-835f8262-5251-9f0f-5dc4-013fa2f735de,NVIDIA GeForce RTX 2080 SUPER,3714,8192,34,53,67.81
1791279587.2666366,1,GPU-aec1288f-4556-3b77-af1b-45bf7ee3d8f5,NVIDIA GeForce RTX 2080 SUPER,2521,8192,4,57,56.66
1791279587.7974343,0,GPU-835f8262-5251-9f0f-5dc4-013fa2f735de,NVIDIA GeForce RTX 2080 SUPER,3714,8192,35,53,67.70
1791279587.7974343,1,GPU-aec1288f-4556-3b77-af1b-45bf7ee3d8f5,NVIDIA GeForce RTX 2080 SUPER,2521,8192,4,57,56.65
1791279588.3307,0,GPU-835f8262-5251-9f0f-5dc4-013fa2f735de,NVIDIA GeForce RTX 2080 SUPER,3714,8192,35,54,67.82
1791279588.3307,1,GPU-aec1288f-4556-3b77-af1b-45bf7ee3d8f5,NVIDIA GeForce RTX 2080 SUPER,2521,8192,2,57,56.70
1791279588.864544,0,GPU-835f8262-5251-9f0f-5dc4-013fa2f735de,NVIDIA GeForce RTX 2080 SUPER,3714,8192,35,54,67.89
1791279588.864544,1,GPU-aec1288f-4556-3b77-af1b-45bf7ee3d8f5,NVIDIA GeForce RTX 2080 SUPER,2521,8192,2,57,56.58
1791279589.3953614,0,GPU-835f8262-5251-9f0f-5dc4-013fa2f735de,NVIDIA GeForce RTX 2080 SUPER,3714,8192,35,54,67.70
1791279589.3953614,1,GPU-aec1288f-4556-3b77-af1b-45bf7ee3d8f5,NVIDIA GeForce RTX 2080 SUPER,2521,8192,2,57,56.64
1791279589.9272954,0,GPU-835f8262-5251-9f0f-5dc4-013fa2f735de,NVIDIA GeForce RTX 2080 SUPER,3714,8192,35,54,67.93
1791279589.9272954,1,GPU-aec1288f-4556-3b77-af1b-45bf7ee3d8f5,NVIDIA GeForce RTX 2080 SUPER,2521,8192,2,57,56.63
1791279590.458226,0,GPU-835f8262-5251-9f0f-5dc4-013fa2f735de,NVIDIA GeForce RTX 2080 SUPER,3714,8192,35,54,67.69
1791279590.458226,1,GPU-aec1288f-4556-3b77-af1b-45bf7ee3d8f5,NVIDIA GeForce RTX 2080 SUPER,2521,8192,3,57,57.12
1791279590.9909961,0,GPU-835f8262-5251-9f0f-5dc4-013fa2f735de,NVIDIA GeForce RTX 2080 SUPER,3714,8192,35,54,67.39
1791279590.9909961,1,GPU-aec1288f-4556-3b77-af1b-45bf7ee3d8f5,NVIDIA GeForce RTX 2080 SUPER,2521,8192,3,57,57.08
1791279591.5270135,0,GPU-835f8262-5251-9f0f-5dc4-013fa2f735de,NVIDIA GeForce RTX 2080 SUPER,3714,8192,35,54,67.90
1791279591.5270135,1,GPU-aec1288f-4556-3b77-af1b-45bf7ee3d8f5,NVIDIA GeForce RTX 2080 SUPER,2521,8192,4,57,56.71
1791279592.0601459,0,GPU-835f8262-5251-9f0f-5dc4-013fa2f735de,NVIDIA GeForce RTX 2080 SUPER,3714,8192,35,54,68.06
1791279592.0601459,1,GPU-aec1288f-4556-3b77-af1b-45bf7ee3d8f5,NVIDIA GeForce RTX 2080 SUPER,2521,8192,4,57,56.61
1791279592.5947258,0,GPU-835f8262-5251-9f0f-5dc4-013fa2f735de,NVIDIA GeForce RTX 2080 SUPER,3714,8192,35,54,67.97
1791279592.5947258,1,GPU-aec1288f-4556-3b77-af1b-45bf7ee3d8f5,NVIDIA GeForce RTX 2080 SUPER,2521,8192,2,57,56.83
1791279593.1291375,0,GPU-835f8262-5251-9f0f-5dc4-013fa2f735de,NVIDIA GeForce RTX 2080 SUPER,3714,8192,35,54,68.00
1791279593.1291375,1,GPU-aec1288f-4556-3b77-af1b-45bf7ee3d8f5,NVIDIA GeForce RTX 2080 SUPER,2521,8192,2,57,56.83
1791279593.6611998,0,GPU-835f8262-5251-9f0f-5dc4-013fa2f735de,NVIDIA GeForce RTX 2080 SUPER,3714,8192,35,54,68.17
1791279593.6611998,1,GPU-aec1288f-4556-3b77-af1b-45bf7ee3d8f5,NVIDIA GeForce RTX 2080 SUPER,2521,8192,2,57,56.82
1791279594.193518,0,GPU-835f8262-5251-9f0f-5dc4-013fa2f735de,NVIDIA GeForce RTX 2080 SUPER,3714,8192,35,54,67.88
1791279594.193518,1,GPU-aec1288f-4556-3b77-af1b-45bf7ee3d8f5,NVIDIA GeForce RTX 2080 SUPER,2521,8192,2,57,57.15
1791279594.7253315,0,GPU-835f8262-5251-9f0f-5dc4-013fa2f735de,NVIDIA GeForce RTX 2080 SUPER,3714,8192,35,54,68.29
1791279594.7253315,1,GPU-aec1288f-4556-3b77-af1b-45bf7ee3d8f5,NVIDIA GeForce RTX 2080 SUPER,2521,8192,3,57,57.05
1791279595.2576056,0,GPU-835f8262-5251-9f0f-5dc4-013fa2f735de,NVIDIA GeForce RTX 2080 SUPER,3714,8192,35,55,68.49
1791279595.2576056,1,GPU-aec1288f-4556-3b77-af1b-45bf7ee3d8f5,NVIDIA GeForce RTX 2080 SUPER,2521,8192,4,58,56.89
1791279595.7911606,0,GPU-835f8262-5251-9f0f-5dc4-013fa2f735de,NVIDIA GeForce RTX 2080 SUPER,3714,8192,35,55,67.75
1791279595.7911606,1,GPU-aec1288f-4556-3b77-af1b-45bf7ee3d8f5,NVIDIA GeForce RTX 2080 SUPER,2521,8192,4,57,56.86
1791279596.3234048,0,GPU-835f8262-5251-9f0f-5dc4-013fa2f735de,NVIDIA GeForce RTX 2080 SUPER,3714,8192,35,55,67.68
1791279596.3234048,1,GPU-aec1288f-4556-3b77-af1b-45bf7ee3d8f5,NVIDIA GeForce RTX 2080 SUPER,2521,8192,3,58,56.91
1791279596.8557339,0,GPU-835f8262-5251-9f0f-5dc4-013fa2f735de,NVIDIA GeForce RTX 2080 SUPER,3714,8192,34,55,68.03
1791279596.8557339,1,GPU-aec1288f-4556-3b77-af1b-45bf7ee3d8f5,NVIDIA GeForce RTX 2080 SUPER,2521,8192,3,58,56.89
1791279597.3873441,0,GPU-835f8262-5251-9f0f-5dc4-013fa2f735de,NVIDIA GeForce RTX 2080 SUPER,3714,8192,34,55,68.05
1791279597.3873441,1,GPU-aec1288f-4556-3b77-af1b-45bf7ee3d8f5,NVIDIA GeForce RTX 2080 SUPER,2521,8192,2,58,56.93
1791279597.9188488,0,GPU-835f8262-5251-9f0f-5dc4-013fa2f735de,NVIDIA GeForce RTX 2080 SUPER,3714,8192,34,55,67.89
1791279597.9188488,1,GPU-aec1288f-4556-3b77-af1b-45bf7ee3d8f5,NVIDIA GeForce RTX 2080 SUPER,2521,8192,2,58,56.97
1791279598.4491026,0,GPU-835f8262-5251-9f0f-5dc4-013fa2f735de,NVIDIA GeForce RTX 2080 SUPER,3714,8192,34,55,68.09
1791279598.4491026,1,GPU-aec1288f-4556-3b77-af1b-45bf7ee3d8f5,NVIDIA GeForce RTX 2080 SUPER,2521,8192,3,58,57.21
1791279598.9825165,0,GPU-835f8262-5251-9f0f-5dc4-013fa2f735de,NVIDIA GeForce RTX 2080 SUPER,3714,8192,34,55,68.05
1791279598.9825165,1,GPU-aec1288f-4556-3b77-af1b-45bf7ee3d8f5,NVIDIA GeForce RTX 2080 SUPER,2521,8192,3,58,57.15
1791279599.514823,0,GPU-835f8262-5251-9f0f-5dc4-013fa2f735de,NVIDIA GeForce RTX 2080 SUPER,3714,8192,34,55,68.22
1791279599.514823,1,GPU-aec1288f-4556-3b77-af1b-45bf7ee3d8f5,NVIDIA GeForce RTX 2080 SUPER,2521,8192,4,58,56.90
1791279600.0566642,0,GPU-835f8262-5251-9f0f-5dc4-013fa2f735de,NVIDIA GeForce RTX 2080 SUPER,3714,8192,34,55,68.40
1791279600.0566642,1,GPU-aec1288f-4556-3b77-af1b-45bf7ee3d8f5,NVIDIA GeForce RTX 2080 SUPER,2521,8192,4,58,47.50
1791279600.5953662,0,GPU-835f8262-5251-9f0f-5dc4-013fa2f735de,NVIDIA GeForce RTX 2080 SUPER,3714,8192,34,55,66.95
1791279600.5953662,1,GPU-aec1288f-4556-3b77-af1b-45bf7ee3d8f5,NVIDIA GeForce RTX 2080 SUPER,2523,8192,4,57,27.70
1791279601.1449893,0,GPU-835f8262-5251-9f0f-5dc4-013fa2f735de,NVIDIA GeForce RTX 2080 SUPER,3714,8192,34,55,68.10
1791279601.1449893,1,GPU-aec1288f-4556-3b77-af1b-45bf7ee3d8f5,NVIDIA GeForce RTX 2080 SUPER,2523,8192,4,57,22.45
1791279601.6966598,0,GPU-835f8262-5251-9f0f-5dc4-013fa2f735de,NVIDIA GeForce RTX 2080 SUPER,3714,8192,33,55,68.12
1791279601.6966598,1,GPU-aec1288f-4556-3b77-af1b-45bf7ee3d8f5,NVIDIA GeForce RTX 2080 SUPER,2523,8192,16,56,20.28
1791279602.2471125,0,GPU-835f8262-5251-9f0f-5dc4-013fa2f735de,NVIDIA GeForce RTX 2080 SUPER,3714,8192,33,55,68.03
1791279602.2471125,1,GPU-aec1288f-4556-3b77-af1b-45bf7ee3d8f5,NVIDIA GeForce RTX 2080 SUPER,2521,8192,16,56,23.43
1791279602.7980342,0,GPU-835f8262-5251-9f0f-5dc4-013fa2f735de,NVIDIA GeForce RTX 2080 SUPER,3714,8192,34,55,68.96
1791279602.7980342,1,GPU-aec1288f-4556-3b77-af1b-45bf7ee3d8f5,NVIDIA GeForce RTX 2080 SUPER,2521,8192,26,56,22.72
1791279603.3404663,0,GPU-835f8262-5251-9f0f-5dc4-013fa2f735de,NVIDIA GeForce RTX 2080 SUPER,3714,8192,34,55,68.95
1791279603.3404663,1,GPU-aec1288f-4556-3b77-af1b-45bf7ee3d8f5,NVIDIA GeForce RTX 2080 SUPER,2521,8192,30,56,20.31
1791279603.8912954,0,GPU-835f8262-5251-9f0f-5dc4-013fa2f735de,NVIDIA GeForce RTX 2080 SUPER,3714,8192,35,55,68.95
1791279603.8912954,1,GPU-aec1288f-4556-3b77-af1b-45bf7ee3d8f5,NVIDIA GeForce RTX 2080 SUPER,2521,8192,30,56,20.18
1791279604.432376,0,GPU-835f8262-5251-9f0f-5dc4-013fa2f735de,NVIDIA GeForce RTX 2080 SUPER,3714,8192,35,56,68.94
1791279604.432376,1,GPU-aec1288f-4556-3b77-af1b-45bf7ee3d8f5,NVIDIA GeForce RTX 2080 SUPER,2521,8192,19,56,20.26
1791279604.97454,0,GPU-835f8262-5251-9f0f-5dc4-013fa2f735de,NVIDIA GeForce RTX 2080 SUPER,3714,8192,36,56,68.84
1791279604.97454,1,GPU-aec1288f-4556-3b77-af1b-45bf7ee3d8f5,NVIDIA GeForce RTX 2080 SUPER,2521,8192,19,56,20.70
1791279605.5260665,0,GPU-835f8262-5251-9f0f-5dc4-013fa2f735de,NVIDIA GeForce RTX 2080 SUPER,3714,8192,36,56,69.04
1791279605.5260665,1,GPU-aec1288f-4556-3b77-af1b-45bf7ee3d8f5,NVIDIA GeForce RTX 2080 SUPER,2521,8192,19,56,20.09
1791279606.0726697,0,GPU-835f8262-5251-9f0f-5dc4-013fa2f735de,NVIDIA GeForce RTX 2080 SUPER,3714,8192,36,56,69.01
1791279606.0726697,1,GPU-aec1288f-4556-3b77-af1b-45bf7ee3d8f5,NVIDIA GeForce RTX 2080 SUPER,2521,8192,19,56,21.14
1791279606.6270735,0,GPU-835f8262-5251-9f0f-5dc4-013fa2f735de,NVIDIA GeForce RTX 2080 SUPER,3620,8192,33,56,66.31
1791279606.6270735,1,GPU-aec1288f-4556-3b77-af1b-45bf7ee3d8f5,NVIDIA GeForce RTX 2080 SUPER,2165,8192,23,56,24.75
1791279607.1664262,0,GPU-835f8262-5251-9f0f-5dc4-013fa2f735de,NVIDIA GeForce RTX 2080 SUPER,3620,8192,33,55,54.21
1791279607.1664262,1,GPU-aec1288f-4556-3b77-af1b-45bf7ee3d8f5,NVIDIA GeForce RTX 2080 SUPER,511,8192,23,56,23.67
1791279607.6975625,0,GPU-835f8262-5251-9f0f-5dc4-013fa2f735de,NVIDIA GeForce RTX 2080 SUPER,3620,8192,1,55,54.08
1791279607.6975625,1,GPU-aec1288f-4556-3b77-af1b-45bf7ee3d8f5,NVIDIA GeForce RTX 2080 SUPER,817,8192,34,56,57.37
1791279608.2297196,0,GPU-835f8262-5251-9f0f-5dc4-013fa2f735de,NVIDIA GeForce RTX 2080 SUPER,3620,8192,1,55,54.11
1791279608.2297196,1,GPU-aec1288f-4556-3b77-af1b-45bf7ee3d8f5,NVIDIA GeForce RTX 2080 SUPER,817,8192,34,57,57.44
1791279608.7603028,0,GPU-835f8262-5251-9f0f-5dc4-013fa2f735de,NVIDIA GeForce RTX 2080 SUPER,3620,8192,0,55,54.12
1791279608.7603028,1,GPU-aec1288f-4556-3b77-af1b-45bf7ee3d8f5,NVIDIA GeForce RTX 2080 SUPER,817,8192,6,58,57.51
1791279609.292813,0,GPU-835f8262-5251-9f0f-5dc4-013fa2f735de,NVIDIA GeForce RTX 2080 SUPER,3620,8192,0,55,54.06
1791279609.292813,1,GPU-aec1288f-4556-3b77-af1b-45bf7ee3d8f5,NVIDIA GeForce RTX 2080 SUPER,1135,8192,6,58,57.64
1791279609.824396,0,GPU-835f8262-5251-9f0f-5dc4-013fa2f735de,NVIDIA GeForce RTX 2080 SUPER,3882,8192,0,55,123.72
1791279609.824396,1,GPU-aec1288f-4556-3b77-af1b-45bf7ee3d8f5,NVIDIA GeForce RTX 2080 SUPER,2413,8192,9,58,67.45
1791279610.3563864,0,GPU-835f8262-5251-9f0f-5dc4-013fa2f735de,NVIDIA GeForce RTX 2080 SUPER,3884,8192,0,60,184.07
1791279610.3563864,1,GPU-aec1288f-4556-3b77-af1b-45bf7ee3d8f5,NVIDIA GeForce RTX 2080 SUPER,2413,8192,10,58,68.34
1791279610.8885806,0,GPU-835f8262-5251-9f0f-5dc4-013fa2f735de,NVIDIA GeForce RTX 2080 SUPER,3886,8192,90,62,186.94
1791279610.8885806,1,GPU-aec1288f-4556-3b77-af1b-45bf7ee3d8f5,NVIDIA GeForce RTX 2080 SUPER,2413,8192,10,59,68.45
1791279611.4190133,0,GPU-835f8262-5251-9f0f-5dc4-013fa2f735de,NVIDIA GeForce RTX 2080 SUPER,3886,8192,90,62,187.76
1791279611.4190133,1,GPU-aec1288f-4556-3b77-af1b-45bf7ee3d8f5,NVIDIA GeForce RTX 2080 SUPER,2413,8192,3,58,64.34
1791279611.9535542,0,GPU-835f8262-5251-9f0f-5dc4-013fa2f735de,NVIDIA GeForce RTX 2080 SUPER,3886,8192,92,63,189.55
1791279611.9535542,1,GPU-aec1288f-4556-3b77-af1b-45bf7ee3d8f5,NVIDIA GeForce RTX 2080 SUPER,2413,8192,3,58,56.84
1791279612.4839714,0,GPU-835f8262-5251-9f0f-5dc4-013fa2f735de,NVIDIA GeForce RTX 2080 SUPER,3886,8192,92,63,192.26
1791279612.4839714,1,GPU-aec1288f-4556-3b77-af1b-45bf7ee3d8f5,NVIDIA GeForce RTX 2080 SUPER,2413,8192,2,58,56.58
1791279613.0146284,0,GPU-835f8262-5251-9f0f-5dc4-013fa2f735de,NVIDIA GeForce RTX 2080 SUPER,3886,8192,93,64,192.03
1791279613.0146284,1,GPU-aec1288f-4556-3b77-af1b-45bf7ee3d8f5,NVIDIA GeForce RTX 2080 SUPER,2413,8192,2,58,56.65
1791279613.5490112,0,GPU-835f8262-5251-9f0f-5dc4-013fa2f735de,NVIDIA GeForce RTX 2080 SUPER,3886,8192,93,64,192.96
1791279613.5490112,1,GPU-aec1288f-4556-3b77-af1b-45bf7ee3d8f5,NVIDIA GeForce RTX 2080 SUPER,2413,8192,2,58,56.66
1791279614.080304,0,GPU-835f8262-5251-9f0f-5dc4-013fa2f735de,NVIDIA GeForce RTX 2080 SUPER,3886,8192,92,65,190.50
1791279614.080304,1,GPU-aec1288f-4556-3b77-af1b-45bf7ee3d8f5,NVIDIA GeForce RTX 2080 SUPER,2413,8192,2,58,56.69
1791279614.612482,0,GPU-835f8262-5251-9f0f-5dc4-013fa2f735de,NVIDIA GeForce RTX 2080 SUPER,3886,8192,92,65,193.18
1791279614.612482,1,GPU-aec1288f-4556-3b77-af1b-45bf7ee3d8f5,NVIDIA GeForce RTX 2080 SUPER,2413,8192,3,58,57.23
1791279615.1438625,0,GPU-835f8262-5251-9f0f-5dc4-013fa2f735de,NVIDIA GeForce RTX 2080 SUPER,3886,8192,92,66,194.35
1791279615.1438625,1,GPU-aec1288f-4556-3b77-af1b-45bf7ee3d8f5,NVIDIA GeForce RTX 2080 SUPER,2413,8192,3,58,56.93
1791279615.678025,0,GPU-835f8262-5251-9f0f-5dc4-013fa2f735de,NVIDIA GeForce RTX 2080 SUPER,3886,8192,92,66,193.64
1791279615.678025,1,GPU-aec1288f-4556-3b77-af1b-45bf7ee3d8f5,NVIDIA GeForce RTX 2080 SUPER,2413,8192,4,58,56.73
1791279616.2105124,0,GPU-835f8262-5251-9f0f-5dc4-013fa2f735de,NVIDIA GeForce RTX 2080 SUPER,3886,8192,92,67,193.91
1791279616.2105124,1,GPU-aec1288f-4556-3b77-af1b-45bf7ee3d8f5,NVIDIA GeForce RTX 2080 SUPER,2413,8192,4,58,56.80
1791279616.7431154,0,GPU-835f8262-5251-9f0f-5dc4-013fa2f735de,NVIDIA GeForce RTX 2080 SUPER,3886,8192,93,67,194.76
1791279616.7431154,1,GPU-aec1288f-4556-3b77-af1b-45bf7ee3d8f5,NVIDIA GeForce RTX 2080 SUPER,2413,8192,2,58,56.70
1791279617.2764964,0,GPU-835f8262-5251-9f0f-5dc4-013fa2f735de,NVIDIA GeForce RTX 2080 SUPER,3886,8192,93,67,195.24
1791279617.2764964,1,GPU-aec1288f-4556-3b77-af1b-45bf7ee3d8f5,NVIDIA GeForce RTX 2080 SUPER,2413,8192,2,59,56.60
1791279617.8073685,0,GPU-835f8262-5251-9f0f-5dc4-013fa2f735de,NVIDIA GeForce RTX 2080 SUPER,3886,8192,92,67,190.27
1791279617.8073685,1,GPU-aec1288f-4556-3b77-af1b-45bf7ee3d8f5,NVIDIA GeForce RTX 2080 SUPER,2413,8192,2,59,56.70
1791279618.3383157,0,GPU-835f8262-5251-9f0f-5dc4-013fa2f735de,NVIDIA GeForce RTX 2080 SUPER,3886,8192,92,68,191.67
1791279618.3383157,1,GPU-aec1288f-4556-3b77-af1b-45bf7ee3d8f5,NVIDIA GeForce RTX 2080 SUPER,2413,8192,2,59,57.24
1791279618.8703067,0,GPU-835f8262-5251-9f0f-5dc4-013fa2f735de,NVIDIA GeForce RTX 2080 SUPER,3886,8192,92,68,191.78
1791279618.8703067,1,GPU-aec1288f-4556-3b77-af1b-45bf7ee3d8f5,NVIDIA GeForce RTX 2080 SUPER,2413,8192,3,59,57.22
1791279619.4032621,0,GPU-835f8262-5251-9f0f-5dc4-013fa2f735de,NVIDIA GeForce RTX 2080 SUPER,3886,8192,92,69,191.53
1791279619.4032621,1,GPU-aec1288f-4556-3b77-af1b-45bf7ee3d8f5,NVIDIA GeForce RTX 2080 SUPER,2413,8192,4,59,56.84
1791279619.9349089,0,GPU-835f8262-5251-9f0f-5dc4-013fa2f735de,NVIDIA GeForce RTX 2080 SUPER,3886,8192,92,69,193.26
1791279619.9349089,1,GPU-aec1288f-4556-3b77-af1b-45bf7ee3d8f5,NVIDIA GeForce RTX 2080 SUPER,2413,8192,4,59,56.77
1791279620.4675484,0,GPU-835f8262-5251-9f0f-5dc4-013fa2f735de,NVIDIA GeForce RTX 2080 SUPER,3886,8192,92,69,193.23
1791279620.4675484,1,GPU-aec1288f-4556-3b77-af1b-45bf7ee3d8f5,NVIDIA GeForce RTX 2080 SUPER,2413,8192,2,59,56.78
1791279620.9996295,0,GPU-835f8262-5251-9f0f-5dc4-013fa2f735de,NVIDIA GeForce RTX 2080 SUPER,3886,8192,92,70,193.68
1791279620.9996295,1,GPU-aec1288f-4556-3b77-af1b-45bf7ee3d8f5,NVIDIA GeForce RTX 2080 SUPER,2413,8192,2,59,56.86
1791279621.5307715,0,GPU-835f8262-5251-9f0f-5dc4-013fa2f735de,NVIDIA GeForce RTX 2080 SUPER,3886,8192,92,70,190.76
1791279621.5307715,1,GPU-aec1288f-4556-3b77-af1b-45bf7ee3d8f5,NVIDIA GeForce RTX 2080 SUPER,2413,8192,2,59,56.88
1791279622.062969,0,GPU-835f8262-5251-9f0f-5dc4-013fa2f735de,NVIDIA GeForce RTX 2080 SUPER,3886,8192,93,70,193.43
1791279622.062969,1,GPU-aec1288f-4556-3b77-af1b-45bf7ee3d8f5,NVIDIA GeForce RTX 2080 SUPER,2413,8192,2,59,56.83
1791279622.5950344,0,GPU-835f8262-5251-9f0f-5dc4-013fa2f735de,NVIDIA GeForce RTX 2080 SUPER,3886,8192,93,71,194.37
1791279622.5950344,1,GPU-aec1288f-4556-3b77-af1b-45bf7ee3d8f5,NVIDIA GeForce RTX 2080 SUPER,2413,8192,3,59,57.27
1791279623.1259258,0,GPU-835f8262-5251-9f0f-5dc4-013fa2f735de,NVIDIA GeForce RTX 2080 SUPER,3886,8192,92,71,194.27
1791279623.1259258,1,GPU-aec1288f-4556-3b77-af1b-45bf7ee3d8f5,NVIDIA GeForce RTX 2080 SUPER,2413,8192,3,59,56.93
1791279623.6587713,0,GPU-835f8262-5251-9f0f-5dc4-013fa2f735de,NVIDIA GeForce RTX 2080 SUPER,3886,8192,92,71,192.92
1791279623.6587713,1,GPU-aec1288f-4556-3b77-af1b-45bf7ee3d8f5,NVIDIA GeForce RTX 2080 SUPER,2413,8192,4,59,56.78
1791279624.1913178,0,GPU-835f8262-5251-9f0f-5dc4-013fa2f735de,NVIDIA GeForce RTX 2080 SUPER,3886,8192,92,72,194.54
1791279624.1913178,1,GPU-aec1288f-4556-3b77-af1b-45bf7ee3d8f5,NVIDIA GeForce RTX 2080 SUPER,2413,8192,4,59,56.76
1791279624.7227366,0,GPU-835f8262-5251-9f0f-5dc4-013fa2f735de,NVIDIA GeForce RTX 2080 SUPER,3886,8192,92,72,193.93
1791279624.7227366,1,GPU-aec1288f-4556-3b77-af1b-45bf7ee3d8f5,NVIDIA GeForce RTX 2080 SUPER,2413,8192,2,59,56.73
1791279625.2553816,0,GPU-835f8262-5251-9f0f-5dc4-013fa2f735de,NVIDIA GeForce RTX 2080 SUPER,3886,8192,92,72,189.44
1791279625.2553816,1,GPU-aec1288f-4556-3b77-af1b-45bf7ee3d8f5,NVIDIA GeForce RTX 2080 SUPER,2413,8192,2,59,56.66
1791279625.8155327,0,GPU-835f8262-5251-9f0f-5dc4-013fa2f735de,NVIDIA GeForce RTX 2080 SUPER,3886,8192,92,72,195.55
1791279625.8155327,1,GPU-aec1288f-4556-3b77-af1b-45bf7ee3d8f5,NVIDIA GeForce RTX 2080 SUPER,2413,8192,2,59,56.75
1791279626.3600528,0,GPU-835f8262-5251-9f0f-5dc4-013fa2f735de,NVIDIA GeForce RTX 2080 SUPER,3886,8192,92,72,191.87
1791279626.3600528,1,GPU-aec1288f-4556-3b77-af1b-45bf7ee3d8f5,NVIDIA GeForce RTX 2080 SUPER,2413,8192,2,59,28.50
1791279626.9044652,0,GPU-835f8262-5251-9f0f-5dc4-013fa2f735de,NVIDIA GeForce RTX 2080 SUPER,3886,8192,92,73,191.55
1791279626.9044652,1,GPU-aec1288f-4556-3b77-af1b-45bf7ee3d8f5,NVIDIA GeForce RTX 2080 SUPER,2413,8192,9,58,26.73
1791279627.457745,0,GPU-835f8262-5251-9f0f-5dc4-013fa2f735de,NVIDIA GeForce RTX 2080 SUPER,3886,8192,92,73,192.03
1791279627.457745,1,GPU-aec1288f-4556-3b77-af1b-45bf7ee3d8f5,NVIDIA GeForce RTX 2080 SUPER,2413,8192,20,58,20.82
1791279628.004746,0,GPU-835f8262-5251-9f0f-5dc4-013fa2f735de,NVIDIA GeForce RTX 2080 SUPER,3886,8192,92,73,193.36
1791279628.004746,1,GPU-aec1288f-4556-3b77-af1b-45bf7ee3d8f5,NVIDIA GeForce RTX 2080 SUPER,2413,8192,20,58,21.17
1791279628.5545022,0,GPU-835f8262-5251-9f0f-5dc4-013fa2f735de,NVIDIA GeForce RTX 2080 SUPER,3886,8192,92,74,192.49
1791279628.5545022,1,GPU-aec1288f-4556-3b77-af1b-45bf7ee3d8f5,NVIDIA GeForce RTX 2080 SUPER,2413,8192,19,58,20.36
1791279629.1003323,0,GPU-835f8262-5251-9f0f-5dc4-013fa2f735de,NVIDIA GeForce RTX 2080 SUPER,3886,8192,92,74,194.16
1791279629.1003323,1,GPU-aec1288f-4556-3b77-af1b-45bf7ee3d8f5,NVIDIA GeForce RTX 2080 SUPER,2413,8192,19,58,20.46
1791279629.6419258,0,GPU-835f8262-5251-9f0f-5dc4-013fa2f735de,NVIDIA GeForce RTX 2080 SUPER,3886,8192,92,74,193.86
1791279629.6419258,1,GPU-aec1288f-4556-3b77-af1b-45bf7ee3d8f5,NVIDIA GeForce RTX 2080 SUPER,2413,8192,19,57,20.57
1791279630.1912053,0,GPU-835f8262-5251-9f0f-5dc4-013fa2f735de,NVIDIA GeForce RTX 2080 SUPER,3886,8192,92,75,193.33
1791279630.1912053,1,GPU-aec1288f-4556-3b77-af1b-45bf7ee3d8f5,NVIDIA GeForce RTX 2080 SUPER,2413,8192,19,57,21.11
1791279630.7428315,0,GPU-835f8262-5251-9f0f-5dc4-013fa2f735de,NVIDIA GeForce RTX 2080 SUPER,3886,8192,92,75,193.85
1791279630.7428315,1,GPU-aec1288f-4556-3b77-af1b-45bf7ee3d8f5,NVIDIA GeForce RTX 2080 SUPER,2413,8192,25,57,24.18
1791279631.2923715,0,GPU-835f8262-5251-9f0f-5dc4-013fa2f735de,NVIDIA GeForce RTX 2080 SUPER,3886,8192,92,75,193.73
1791279631.2923715,1,GPU-aec1288f-4556-3b77-af1b-45bf7ee3d8f5,NVIDIA GeForce RTX 2080 SUPER,2413,8192,25,57,20.63
1791279631.8377955,0,GPU-835f8262-5251-9f0f-5dc4-013fa2f735de,NVIDIA GeForce RTX 2080 SUPER,3886,8192,92,75,187.38
1791279631.8377955,1,GPU-aec1288f-4556-3b77-af1b-45bf7ee3d8f5,NVIDIA GeForce RTX 2080 SUPER,2413,8192,28,57,20.26
1791279632.3862815,0,GPU-835f8262-5251-9f0f-5dc4-013fa2f735de,NVIDIA GeForce RTX 2080 SUPER,3886,8192,92,75,188.61
1791279632.3862815,1,GPU-aec1288f-4556-3b77-af1b-45bf7ee3d8f5,NVIDIA GeForce RTX 2080 SUPER,2413,8192,28,57,20.24
1791279632.9345915,0,GPU-835f8262-5251-9f0f-5dc4-013fa2f735de,NVIDIA GeForce RTX 2080 SUPER,3886,8192,91,76,188.12
1791279632.9345915,1,GPU-aec1288f-4556-3b77-af1b-45bf7ee3d8f5,NVIDIA GeForce RTX 2080 SUPER,2414,8192,19,57,25.10
1791279633.4844663,0,GPU-835f8262-5251-9f0f-5dc4-013fa2f735de,NVIDIA GeForce RTX 2080 SUPER,3886,8192,91,76,193.85
1791279633.4844663,1,GPU-aec1288f-4556-3b77-af1b-45bf7ee3d8f5,NVIDIA GeForce RTX 2080 SUPER,2414,8192,19,57,23.25
1791279634.029783,0,GPU-835f8262-5251-9f0f-5dc4-013fa2f735de,NVIDIA GeForce RTX 2080 SUPER,3886,8192,92,76,194.58
1791279634.029783,1,GPU-aec1288f-4556-3b77-af1b-45bf7ee3d8f5,NVIDIA GeForce RTX 2080 SUPER,2414,8192,32,57,21.29
1791279634.5730999,0,GPU-835f8262-5251-9f0f-5dc4-013fa2f735de,NVIDIA GeForce RTX 2080 SUPER,3886,8192,92,76,194.57
1791279634.5730999,1,GPU-aec1288f-4556-3b77-af1b-45bf7ee3d8f5,NVIDIA GeForce RTX 2080 SUPER,2414,8192,21,57,20.55
1791279635.118408,0,GPU-835f8262-5251-9f0f-5dc4-013fa2f735de,NVIDIA GeForce RTX 2080 SUPER,3886,8192,92,76,194.29
1791279635.118408,1,GPU-aec1288f-4556-3b77-af1b-45bf7ee3d8f5,NVIDIA GeForce RTX 2080 SUPER,2413,8192,21,57,20.48
1791279635.6647747,0,GPU-835f8262-5251-9f0f-5dc4-013fa2f735de,NVIDIA GeForce RTX 2080 SUPER,3886,8192,92,76,195.48
1791279635.6647747,1,GPU-aec1288f-4556-3b77-af1b-45bf7ee3d8f5,NVIDIA GeForce RTX 2080 SUPER,2413,8192,19,57,20.46
1791279636.2090003,0,GPU-835f8262-5251-9f0f-5dc4-013fa2f735de,NVIDIA GeForce RTX 2080 SUPER,3886,8192,92,77,195.65
1791279636.2090003,1,GPU-aec1288f-4556-3b77-af1b-45bf7ee3d8f5,NVIDIA GeForce RTX 2080 SUPER,2413,8192,19,57,20.35
1791279636.7598765,0,GPU-835f8262-5251-9f0f-5dc4-013fa2f735de,NVIDIA GeForce RTX 2080 SUPER,3886,8192,92,77,193.79
1791279636.7598765,1,GPU-aec1288f-4556-3b77-af1b-45bf7ee3d8f5,NVIDIA GeForce RTX 2080 SUPER,2413,8192,19,57,20.45
1791279637.315919,0,GPU-835f8262-5251-9f0f-5dc4-013fa2f735de,NVIDIA GeForce RTX 2080 SUPER,3886,8192,92,77,194.09
1791279637.315919,1,GPU-aec1288f-4556-3b77-af1b-45bf7ee3d8f5,NVIDIA GeForce RTX 2080 SUPER,2414,8192,19,57,22.83
1791279637.8613791,0,GPU-835f8262-5251-9f0f-5dc4-013fa2f735de,NVIDIA GeForce RTX 2080 SUPER,3886,8192,91,77,191.61
1791279637.8613791,1,GPU-aec1288f-4556-3b77-af1b-45bf7ee3d8f5,NVIDIA GeForce RTX 2080 SUPER,2413,8192,32,57,20.24
1791279638.415812,0,GPU-835f8262-5251-9f0f-5dc4-013fa2f735de,NVIDIA GeForce RTX 2080 SUPER,3886,8192,91,77,194.38
1791279638.415812,1,GPU-aec1288f-4556-3b77-af1b-45bf7ee3d8f5,NVIDIA GeForce RTX 2080 SUPER,2414,8192,32,57,24.04
1791279638.9624202,0,GPU-835f8262-5251-9f0f-5dc4-013fa2f735de,NVIDIA GeForce RTX 2080 SUPER,3886,8192,92,77,192.47
1791279638.9624202,1,GPU-aec1288f-4556-3b77-af1b-45bf7ee3d8f5,NVIDIA GeForce RTX 2080 SUPER,2414,8192,24,57,24.64
1791279639.5054688,0,GPU-835f8262-5251-9f0f-5dc4-013fa2f735de,NVIDIA GeForce RTX 2080 SUPER,3886,8192,92,78,195.83
1791279639.5054688,1,GPU-aec1288f-4556-3b77-af1b-45bf7ee3d8f5,NVIDIA GeForce RTX 2080 SUPER,2414,8192,24,57,20.59
1791279640.0572734,0,GPU-835f8262-5251-9f0f-5dc4-013fa2f735de,NVIDIA GeForce RTX 2080 SUPER,3886,8192,92,78,188.28
1791279640.0572734,1,GPU-aec1288f-4556-3b77-af1b-45bf7ee3d8f5,NVIDIA GeForce RTX 2080 SUPER,2414,8192,28,57,20.44
1791279640.5982873,0,GPU-835f8262-5251-9f0f-5dc4-013fa2f735de,NVIDIA GeForce RTX 2080 SUPER,3886,8192,92,78,192.40
1791279640.5982873,1,GPU-aec1288f-4556-3b77-af1b-45bf7ee3d8f5,NVIDIA GeForce RTX 2080 SUPER,2414,8192,19,57,20.43
1791279641.1400886,0,GPU-835f8262-5251-9f0f-5dc4-013fa2f735de,NVIDIA GeForce RTX 2080 SUPER,3886,8192,92,78,192.35
1791279641.1400886,1,GPU-aec1288f-4556-3b77-af1b-45bf7ee3d8f5,NVIDIA GeForce RTX 2080 SUPER,2413,8192,19,57,20.40
1791279641.6901095,0,GPU-835f8262-5251-9f0f-5dc4-013fa2f735de,NVIDIA GeForce RTX 2080 SUPER,3886,8192,92,78,188.05
1791279641.6901095,1,GPU-aec1288f-4556-3b77-af1b-45bf7ee3d8f5,NVIDIA GeForce RTX 2080 SUPER,2413,8192,19,57,20.64
1791279642.23841,0,GPU-835f8262-5251-9f0f-5dc4-013fa2f735de,NVIDIA GeForce RTX 2080 SUPER,3886,8192,92,78,188.49
1791279642.23841,1,GPU-aec1288f-4556-3b77-af1b-45bf7ee3d8f5,NVIDIA GeForce RTX 2080 SUPER,2413,8192,19,57,20.42
1791279642.7930079,0,GPU-835f8262-5251-9f0f-5dc4-013fa2f735de,NVIDIA GeForce RTX 2080 SUPER,3886,8192,92,78,192.83
1791279642.7930079,1,GPU-aec1288f-4556-3b77-af1b-45bf7ee3d8f5,NVIDIA GeForce RTX 2080 SUPER,2413,8192,24,57,24.15
1791279643.3436925,0,GPU-835f8262-5251-9f0f-5dc4-013fa2f735de,NVIDIA GeForce RTX 2080 SUPER,3886,8192,92,78,193.33
1791279643.3436925,1,GPU-aec1288f-4556-3b77-af1b-45bf7ee3d8f5,NVIDIA GeForce RTX 2080 SUPER,2413,8192,24,57,21.11
1791279643.8951185,0,GPU-835f8262-5251-9f0f-5dc4-013fa2f735de,NVIDIA GeForce RTX 2080 SUPER,3886,8192,92,78,193.71
1791279643.8951185,1,GPU-aec1288f-4556-3b77-af1b-45bf7ee3d8f5,NVIDIA GeForce RTX 2080 SUPER,2413,8192,27,57,19.95
1791279644.4402604,0,GPU-835f8262-5251-9f0f-5dc4-013fa2f735de,NVIDIA GeForce RTX 2080 SUPER,3886,8192,92,78,193.76
1791279644.4402604,1,GPU-aec1288f-4556-3b77-af1b-45bf7ee3d8f5,NVIDIA GeForce RTX 2080 SUPER,2413,8192,27,57,20.49
1791279644.9901066,0,GPU-835f8262-5251-9f0f-5dc4-013fa2f735de,NVIDIA GeForce RTX 2080 SUPER,3886,8192,92,79,192.80
1791279644.9901066,1,GPU-aec1288f-4556-3b77-af1b-45bf7ee3d8f5,NVIDIA GeForce RTX 2080 SUPER,2413,8192,19,56,21.28
1791279645.5389032,0,GPU-835f8262-5251-9f0f-5dc4-013fa2f735de,NVIDIA GeForce RTX 2080 SUPER,3886,8192,92,79,189.18
1791279645.5389032,1,GPU-aec1288f-4556-3b77-af1b-45bf7ee3d8f5,NVIDIA GeForce RTX 2080 SUPER,2413,8192,19,56,20.61
1791279646.0922768,0,GPU-835f8262-5251-9f0f-5dc4-013fa2f735de,NVIDIA GeForce RTX 2080 SUPER,3886,8192,92,79,194.48
1791279646.0922768,1,GPU-aec1288f-4556-3b77-af1b-45bf7ee3d8f5,NVIDIA GeForce RTX 2080 SUPER,2413,8192,19,56,20.77
1791279646.639049,0,GPU-835f8262-5251-9f0f-5dc4-013fa2f735de,NVIDIA GeForce RTX 2080 SUPER,3886,8192,92,79,193.57
1791279646.639049,1,GPU-aec1288f-4556-3b77-af1b-45bf7ee3d8f5,NVIDIA GeForce RTX 2080 SUPER,2413,8192,24,57,24.13
1791279647.1861744,0,GPU-835f8262-5251-9f0f-5dc4-013fa2f735de,NVIDIA GeForce RTX 2080 SUPER,3886,8192,92,79,193.25
1791279647.1861744,1,GPU-aec1288f-4556-3b77-af1b-45bf7ee3d8f5,NVIDIA GeForce RTX 2080 SUPER,2413,8192,24,57,23.61
1791279647.731061,0,GPU-835f8262-5251-9f0f-5dc4-013fa2f735de,NVIDIA GeForce RTX 2080 SUPER,3886,8192,92,79,195.35
1791279647.731061,1,GPU-aec1288f-4556-3b77-af1b-45bf7ee3d8f5,NVIDIA GeForce RTX 2080 SUPER,2413,8192,26,56,20.40
1791279648.275488,0,GPU-835f8262-5251-9f0f-5dc4-013fa2f735de,NVIDIA GeForce RTX 2080 SUPER,3886,8192,92,79,194.04
1791279648.275488,1,GPU-aec1288f-4556-3b77-af1b-45bf7ee3d8f5,NVIDIA GeForce RTX 2080 SUPER,2413,8192,26,56,20.32
1791279648.824698,0,GPU-835f8262-5251-9f0f-5dc4-013fa2f735de,NVIDIA GeForce RTX 2080 SUPER,3886,8192,92,79,195.40
1791279648.824698,1,GPU-aec1288f-4556-3b77-af1b-45bf7ee3d8f5,NVIDIA GeForce RTX 2080 SUPER,2413,8192,19,56,20.33
1791279649.373901,0,GPU-835f8262-5251-9f0f-5dc4-013fa2f735de,NVIDIA GeForce RTX 2080 SUPER,3886,8192,92,79,194.83
1791279649.373901,1,GPU-aec1288f-4556-3b77-af1b-45bf7ee3d8f5,NVIDIA GeForce RTX 2080 SUPER,2413,8192,19,56,20.48
1791279649.9304686,0,GPU-835f8262-5251-9f0f-5dc4-013fa2f735de,NVIDIA GeForce RTX 2080 SUPER,3886,8192,92,79,193.23
1791279649.9304686,1,GPU-aec1288f-4556-3b77-af1b-45bf7ee3d8f5,NVIDIA GeForce RTX 2080 SUPER,2413,8192,19,56,21.14
1791279650.472412,0,GPU-835f8262-5251-9f0f-5dc4-013fa2f735de,NVIDIA GeForce RTX 2080 SUPER,3886,8192,92,79,193.96
1791279650.472412,1,GPU-aec1288f-4556-3b77-af1b-45bf7ee3d8f5,NVIDIA GeForce RTX 2080 SUPER,2413,8192,19,56,24.02
1791279651.0306466,0,GPU-835f8262-5251-9f0f-5dc4-013fa2f735de,NVIDIA GeForce RTX 2080 SUPER,3886,8192,92,80,193.85
1791279651.0306466,1,GPU-aec1288f-4556-3b77-af1b-45bf7ee3d8f5,NVIDIA GeForce RTX 2080 SUPER,2413,8192,24,56,24.34
